﻿{"name":"functions","children":[{"name":"updateSortType","children":[{"name":"detail-metric-summary"}]},{"name":"onsliceChange","children":[{"name":"detail-graph"}]},{"name":"handleMouseActions","children":[{"name":"detail-selected-filters-summary"},{"name":"detail-header"},{"name":"detail-filter-threshold"},{"name":"detail-metric-summary"}]},{"name":"hideShowInfo","children":[{"name":"detail-recommended-metrics"}]},{"name":"addRowsToFilter","children":[{"name":"detail-exclusion-filter-tab"},{"name":"detail-filter-slider"}]},{"name":"hideExlusionError","children":[{"name":"detail-exclusion-filter-tab"},{"name":"detail-filter-slider"},{"name":"switchTab"}]},{"name":"navBenchmarkFilter","children":[{"name":"updateBenchmarkData"},{"name":"detail-selected-filters-summary"},{"name":"displaySimilarTitles"},{"name":"clearSearch"}]},{"name":"toggleNavOverlays","children":[{"name":"detail-filter-overlay"}]},{"name":"toggleNavFilters","children":[{"name":"detail-filter-slider"},{"name":"detail-exclusion-filter-tab"}]},{"name":"closeNavFilter","children":[{"name":"closeSliderWindow"},{"name":"detail-exclusion-filter-tab"},{"name":"detail-filter-slider"},{"name":"CloseBenchmark"},{"name":"LoadDetailGraph"}]},{"name":"closeThresholdFilter","children":[{"name":"detaiil-threshold"}]},{"name":"filterPaginateSearch","children":[{"name":"detail-exclusion"},{"name":"detail-filter-slider"}]},{"name":"getSearchIndustries","children":[{"name":"detail-filter-benchmarks"}]},{"name":"loadIndustryTitles","children":[{"name":"detail-filter-benchmarks"}]},{"name":"updateDisplayTitles","children":[{"name":"detail-filter-benchmarks"}]},{"name":"updateSelectedIndustry","children":[{"name":"detail-filter-benchmarks"},{"name":"detail-selected-filter-summary"}]},{"name":"displaySimilarTitles","children":[{"name":"detail-filter-benchmarks"}]},{"name":"toggleSubFilter","children":[{"name":"detail-filter-slider"},{"name":"detail-exclusion-filter-tab"}]},{"name":"removeAllThresholds","children":[{"name":"detail-selected-filter-summary"},{"name":"detail-filter-threshold"}]},{"name":"showDetailInfo","children":[{"name":"detail-header"}]}]}