﻿[
  
  {
    "funcName": "func1()",
    "module": "detail-graph",
    "purpose": "Show/Hides renetntion toggle ",
    "isUsedInUI": "yes",
    "valueChangeIn": [ "resetValues", "drillUp", "onViewByChange", "onTimePeriodChange", "loadDetailReport", "navApplyFilter", "loadDetailGraph" ]
  },
  {
    "funcName": "func2()",
    "module": "detail-graph",
    "purpose": "Show/Hides renetntion toggle ",
    "isUsedInUI": "yes",
    "valueChangeIn": [ "resetValues", "drillUp", "onViewByChange", "onTimePeriodChange", "loadDetailReport", "navApplyFilter", "loadDetailGraph" ]
  },
  {
    "funcName": "func3()",
    "module": "detail-graph",
    "purpose": "Show/Hides renetntion toggle ",
    "isUsedInUI": "yes",
    "valueChangeIn": [ "resetValues", "drillUp", "onViewByChange", "onTimePeriodChange", "loadDetailReport", "navApplyFilter", "loadDetailGraph" ]
  }
]